query,expected,generated,dificultad,bertscore_precision,bertscore_recall,bertscore_f1
What is the main advisory responsibility of the European Artificial Intelligence Board according to the regulation?,"The Board is responsible for issuing opinions, recommendations, advice, or guidance on matters related to the implementation of the regulation, including technical specifications or existing standards.","According to the European Artificial Intelligence Board's advisory responsibility, the main advisory responsibility is to provide guidance on the development and deployment of trustworthy AI systems that align with European values, fundamental rights, and principles. This is mentioned in the document ""ai_hleg_ethics_guidelines.pdf"" on page 27, which states that the aim is to achieve a framework that can be horizontally used across all applications and hence offer a foundation for ensuring Trustworthy AI in all domains.",easy,0.7205421328544617,0.8080199360847473,0.7617778778076172
Which requirement is imposed on providers of high-risk AI systems regarding post-market activities?,All providers of high-risk AI systems must have a post-market monitoring system in place to enable corrective actions and improvements based on experience from use.,"According to the EU AI Act Regulation, the requirement imposed on providers of high-risk AI systems regarding post-market activities is to establish and document a post-market monitoring system (Article 61) and report any serious incident or malfunctioning (Article 62).",medium,0.790686309337616,0.8410345911979675,0.8150836825370789
"How do the roles and interactions of national competent authorities, national supervisory authorities, and the European Artificial Intelligence Board contribute to the harmonised implementation and enforcement of the regulation across Member States?","Member States must designate one or more national competent authorities to supervise the regulation's application and implementation, including a national supervisory authority as the official point of contact. The European Artificial Intelligence Board provides advice, guidance, and recommendations to support harmonised and effective implementation of the regulation across the Union.","According to the EU AI Act Regulation, the roles and interactions of national competent authorities, national supervisory authorities, and the European Artificial Intelligence Board contribute to the harmonised implementation and enforcement of the regulation across Member States in the following ways:

* National competent authorities are designated by each Member State to ensure the application and implementation of the Regulation (Article 59). They are responsible for safeguarding the objectivity and impartiality of their activities and tasks.
* National supervisory authorities are designated among the national competent authorities and act as notifying authorities and market surveillance authorities (Article 59).
* The European Artificial Intelligence Board (the Board) is composed of representatives from the Member States and the Commission. It facilitates a smooth, effective, and harmonised implementation of the Regulation by contributing to the effective cooperation of the national supervisory authorities and the Commission, providing advice and expertise to the Commission, and collecting and sharing best practices among the Member States (Article 56 and 57).
* The Board's tasks include collecting and sharing expertise and best practices among Member States, contributing to uniform administrative practices in the Member States, and providing advice and assistance to the Commission (Article 58).

These roles and interactions enable the harmonised implementation and enforcement of the regulation across Member States, ensuring a consistent application of the Regulation and promoting a smooth and effective functioning of the regulatory framework.",hard,0.7654851078987122,0.8377774953842163,0.8000014424324036
What are the three components that Trustworthy AI should meet throughout its entire life cycle according to the guidelines?,"Trustworthy AI should be lawful (complying with laws and regulations), ethical (adhering to ethical principles and values), and robust (both technically and socially).","According to the guidelines, Trustworthy AI should meet three components throughout its entire life cycle:

1. It should be lawful, complying with all applicable laws and regulations.
2. It should be ethical, ensuring adherence to ethical principles and values.
3. It should be robust, both from a technical and social perspective.

These components are mentioned in the guidelines on page [7] of the document ""ai_hleg_ethics_guidelines.pdf"".",easy,0.7612723708152771,0.8889445066452026,0.8201696872711182
Why does the document emphasize a holistic and systemic approach to achieving Trustworthy AI?,"Because trust in AI concerns not only the inherent properties of the technology but also the qualities of the socio-technical systems involving AI. Therefore, achieving Trustworthy AI requires considering the trustworthiness of all actors and processes in the system's socio-technical context throughout its entire life cycle.","The document emphasizes a holistic and systemic approach to achieving Trustworthy AI because trust in AI systems concerns not only the technology's inherent properties but also the qualities of the socio-technical systems involving AI applications. The document states that ""it is not simply components of the AI system but the system in its overall context that may or may not engender trust."" (Doc: ai_hleg_ethics_guidelines.pdf, page: 7)

This approach is necessary because Trustworthy AI has three components: it should be lawful, ethical, and robust. Meeting these components requires a holistic and systemic approach that encompasses the trustworthiness of all actors and processes that are part of the system's socio-technical context throughout its entire life cycle.",medium,0.8113796710968018,0.9497299790382385,0.8751205801963806
"Explain how the concept of Trustworthy AI in these guidelines draws parallels with public trust in other domains, and describe how this informs the approach recommended for AI systems.","The guidelines draw an analogy between trust in AI and trust in fields like aviation, nuclear power, or food safety, arguing that trust is not just about system components but the broader socio-technical context. This perspective informs the recommendation for a systemic, holistic approach to ensure trustworthiness in AI, covering all actors and processes throughout the AI system's life cycle.","The concept of Trustworthy AI in these guidelines draws parallels with public trust in other domains, such as healthcare, finance, and transportation, where trust is essential for the well-being and safety of individuals. Just as individuals expect healthcare professionals to act with integrity and competence, or financial institutions to manage their assets securely, they also expect AI systems to be designed, developed, and deployed with ethical considerations in mind.

This parallel informs the approach recommended for AI systems, which emphasizes the importance of transparency, accountability, and explainability. Just as individuals need to understand the decisions made by healthcare professionals or financial institutions, they also need to understand the decisions made by AI systems. This requires AI systems to be designed with transparency and explainability in mind, so that individuals can trust that the decisions made by AI systems are fair, unbiased, and in their best interests.

The guidelines also recognize that trust is not solely the responsibility of AI developers, but rather a collective responsibility that requires the involvement of all stakeholders, including policymakers, regulators, and individuals. This is reflected in the emphasis on international cooperation and the development of global standards for trustworthy AI.

Overall, the concept of Trustworthy AI in these guidelines is deeply rooted in the idea that trust is essential for the successful adoption and deployment of AI systems, and that it requires a collective effort to ensure that AI systems are designed, developed, and deployed with ethical considerations in mind.",hard,0.7609726190567017,0.8174034953117371,0.788179337978363
What are some example questions that help determine the transparency and explainability of an AI system according to the OECD framework?,Examples include: Is it clear what the objectives of the AI system are? Does the system provide meaningful information for understanding its outputs? Can all outputs be explained? Can the determinant data or knowledge used for decisions be identified? Can the consistency and integrity of outcomes be verified?,"According to the OECD framework, some example questions that help determine the transparency and explainability of an AI system are:

1. Is it clear what the objectives of the AI system are, i.e. is it possible to formalise the problem that the system is being asked to solve? (Doc: oecd_ai_classification_framework.pdf, page: [26])
2. Does the AI system provide useful and meaningful information for understanding its performance and outputs/decisions? (Doc: oecd_ai_classification_framework.pdf, page: [26])
3. Can all of the AI system's outputs both intermediary and final for achieving a given goal be explained? (Doc: oecd_ai_classification_framework.pdf, page: [26])
4. Can the determinant data or knowledge that an AI system uses to make decisions be identified? (Doc: oecd_ai_classification_framework.pdf, page: [26])
5. Do two similar-looking cases verifiably result in similar outcomes, i.e. can the consistency and integrity of AI system outcomes be verified? (Doc: oecd_ai_classification_framework.pdf, page: [26])

These questions help determine the transparency and explainability of an AI system by assessing its ability to provide clear objectives, meaningful information, and explainable outputs, as well as its ability to identify the data and knowledge used to make decisions and ensure consistent outcomes.",easy,0.6979975700378418,0.9154620170593262,0.7920747399330139
"According to the OECD framework, what aspects should policy makers consider to assess the safety, security, and robustness of AI systems?","Policy makers should consider if safety metrics exist for the use case, how safety is tested during development, what adversarial evaluation measures are in place, if the system is sensitive to data variations, and if there are processes to validate, verify, and trace AI system outcomes and decisions.","According to the OECD framework, policy makers should consider the following aspects to assess the safety, security, and robustness of AI systems:

1. Do safety metrics exist that can evaluate the safety of an AI system for a given use case? (Doc: oecd_ai_classification_framework.pdf, page: [not specified])
2. How does the entity deploying the AI system test for safety during development? (Doc: oecd_ai_classification_framework.pdf, page: [not specified])
3. What measures has the entity deploying the AI system taken to do an adversarial evaluation that is, explore the AI system through the lens of being a bad actor and trying to break it? (Doc: oecd_ai_classification_framework.pdf, page: [not specified])
4. Does the AI system change significantly if it is trained with variations of the data available? (Doc: oecd_ai_classification_framework.pdf, page: [not specified])
5. Are there measures in place to validate and verify the AI system's outcomes? (Doc: oecd_ai_classification_framework.pdf, page: [not specified])
6. What measures are in place to facilitate traceability in the AI system, including in relation to datasets, processes and decisions made during the AI system's development and deployment? (Doc: oecd_ai_classification_framework.pdf, page: [not specified])
7. Did you ensure a stop button or procedure to safely abort an operation where needed? (Doc: ai_hleg_ethics_guidelines.pdf, page: [29])
8. Did you assess potential forms of attacks to which the AI system could be vulnerable? (Doc: ai_hleg_ethics_guidelines.pdf, page: [32])
9. Did you put measures or systems in place to ensure the integrity and resilience of the AI system against potential attacks? (Doc: ai_hleg_ethics_guidelines.pdf, page: [32])
10. Did you verify how your system behaves in unexpected situations and environments? (Doc: ai_hleg_ethics_guidelines.pdf, page: [32])
11. Did you consider to what degree your system could be dual-use? (Doc: ai_hleg_ethics_guidelines.pdf, page: [32])
12. Did you ensure that your system has a sufficient fallback plan if it encounters adversarial attacks or other unexpected situations? (Doc: ai_hleg_ethics_guidelines.pdf, page: [32])
13. Did you consider the level of risk raised by the AI system in this specific use case? (Doc: ai_hleg",medium,0.6251340508460999,0.8679472208023071,0.7267967462539673
"Describe how the OECD framework recommends assessing both the explainability and safety of an AI system throughout its lifecycle, and discuss why these factors are important for responsible AI deployment.","The OECD framework suggests assessing explainability through questions about system objectives, transparency of outputs, traceability, and consistency of outcomes, while safety assessment involves safety metrics, adversarial testing, sensitivity to data variations, and validation/verification measures. These factors are important to ensure that AI systems are understandable, trustworthy, safe, and robust throughout their lifecycle, supporting responsible AI deployment.","According to the OECD framework, assessing both the explainability and safety of an AI system throughout its lifecycle is crucial for responsible AI deployment. The framework recommends evaluating these factors by asking questions such as:

For explainability:

* Is it clear what the objectives of the AI system are?
* Does the AI system provide useful and meaningful information for understanding its performance and outputs/decisions?
* Can all of the AI system's outputs be explained?
* Can the determinant data or knowledge that an AI system uses to make decisions be identified?

For safety:

* Do safety metrics exist that can evaluate the safety of an AI system for a given use case?
* How does the entity deploying the AI system test for safety during development?
* What measures has the entity deploying the AI system taken to do an adversarial evaluation?
* Are there measures in place to validate and verify the AI system's outcomes?

These factors are important because they help ensure that AI systems are transparent, accountable, and reliable, which is essential for protecting human rights and well-being. By assessing explainability and safety throughout the AI system's lifecycle, policymakers and developers can identify potential risks and take steps to mitigate them, ultimately leading to more responsible AI deployment.

The OECD framework emphasizes the importance of considering the impact of AI systems on both users and impacted stakeholders, including those who may be indirectly or directly affected by the deployment of an AI system. By evaluating the explainability and safety of AI systems, policymakers and developers can ensure that these systems are designed and deployed in a way that respects the rights and well-being of all individuals and groups.",hard,0.7630771398544312,0.8579040765762329,0.807716965675354
What are the three pillars of the European Commission's vision for artificial intelligence described in the introduction?,"The three pillars are: (i) increasing public and private investments in AI, (ii) preparing for socio-economic changes, and (iii) ensuring an appropriate ethical and legal framework to strengthen European values.","According to the introduction, the three pillars of the European Commission's vision for artificial intelligence are:

(i) increasing public and private investments in AI to boost its uptake,
(ii) preparing for socio-economic changes, and
(iii) ensuring an appropriate ethical and legal framework to strengthen European values.

Reference: Doc: ai_hleg_ethics_guidelines.pdf, page: 6",easy,0.8383554816246033,0.9698349237442017,0.8993150591850281
